Keyword,Item Code
personality test jordan peterson,personalio-personality
enneagram wing test,personalio-personality
my personality test myers briggs,personalio-personality
mbti printable test pdf free,personalio-personality
theriotype test,personalio-therian
adhd online assessment for adults,personalio-adhd
adult adhd quiz,personalio-adhd
get tested for adhd adult,personalio-adhd
adhd type test free,personalio-adhd
how do i get tested for adhd,personalio-adhd
anxiety test teens,jobliti-anxiety
burnout self assessment,jobliti-burnout
work assessment test,jobliti-career
best free career tests 2025,jobliti-career
best free career choice test,jobliti-career
free career assessment students,jobliti-career
what career is right me quiz free results,jobliti-career
Holland Code career quiz,jobliti-career
personality job test,jobliti-career
free career path finder test,jobliti-career
free printable career assessments,jobliti-career
best career quiz,jobliti-career
communication self assessment,jobliti-eq
disc assessment overview,jobliti-eq
online disc assessment,jobliti-eq
emotional intelligence free online test,jobliti-eq
test measure emotional intelligence,jobliti-eq
am i extrovert or introvert quiz,personalio-personality
introversion extroversion test,personalio-personality
vark test free,personalio-learning
free online leadership style assessment,jobliti-leadership
leadership quiz for students,jobliti-leadership