keyword,game
download little nightmares 2,Little Nightmares 2
lokicraft download,LokiCraft
free download loklok,Loklok
loop hero download,Loop Hero
mafia 2 free download full version,Mafia 2
download magic: the gathering arena,Magic Arena
magic tiles 3 free download,Magic Tiles 3
mario kart tour apk download,Mario Kart Tour
metal hellsinger free download,Metal Hellsinger
download jenny mod,Jenny Mod
monster girl island download,Monster Girl Island
multiversus pc download,MultiVersus
my summer car apk download,My Summer Car
myth of empires download,Myth of Empires
overcooked download,Overcooked
overdrive windows download,Overdrive
path of exile download,Path of Exile
download free path of titans,Path of Titans
bass booster download,Bass Booster
people playground download apk,People Playground
pizza tower full game free download,Pizza Tower
pokemon emerald free download,Pokemon Emerald
pokemon go pc download,Pokemon Go
remitly download mac,Remitly
resident evil 2 download,Resident Evil 2
retro bowl game download,Retro Bowl
rise of kingdoms download,Rise of Kingdoms
download river city girls 2,River City Girls 2
download shell shockers,Shell Shockers
silent hill full game download,Silent Hill
skullgirls download pc,Skullgirls
